Query,Clicks,Impressions,CTR,Position
erp software,1240,45000,2.76%,3.2
cloud erp,980,38000,2.58%,4.1
enterprise resource planning,720,29000,2.48%,5.3
erp system for small business,410,18500,2.22%,8.7
best erp software 2024,280,22000,1.27%,12.4
erp vs crm,190,15000,1.27%,11.8
open source erp,170,12000,1.42%,13.2
erp implementation cost,140,9800,1.43%,15.6
erp software pricing,95,8200,1.16%,17.3
manufacturing erp,88,7600,1.16%,14.9
erp for healthcare,76,6400,1.19%,16.2
cloud based erp benefits,65,5900,1.10%,18.7
erp integration,58,5200,1.12%,19.1
erp vs mrp difference,42,4100,1.02%,22.4
what is erp system,38,3800,1.00%,24.1
